{"configuration": {"batch_norm": false, "batch_size": 2, "global_avg_pooling": false, "kernel_size": 5, "lr_init": 0.00033166638853712017, "n_conv_0": 293, "n_conv_l": 2, "n_fc_l": 2, "n_conv_1": 113, "n_fc_0": 465, "n_fc_1": 373}, "acc": -88.20833333333333, "num_params": 6.554874705312902, "num_epochs": 8.333333333333332, "cost": 806.1137466430664}
{"configuration": {"batch_norm": false, "batch_size": 1, "global_avg_pooling": false, "kernel_size": 5, "lr_init": 0.00011854840851203341, "n_conv_0": 43, "n_conv_l": 2, "n_fc_l": 2, "n_conv_1": 149, "n_fc_0": 4, "n_fc_1": 181}, "acc": -10.033333333333333, "num_params": 5.286400326707424, "num_epochs": 8.333333333333332, "cost": 1495.5875172615051}
{"configuration": {"batch_norm": false, "batch_size": 1, "global_avg_pooling": false, "kernel_size": 7, "lr_init": 5.37632932561477e-05, "n_conv_0": 32, "n_conv_l": 2, "n_fc_l": 3, "n_conv_1": 492, "n_fc_0": 67, "n_fc_1": 228, "n_fc_2": 6}, "acc": -9.775, "num_params": 6.3812593400290325, "num_epochs": 8.333333333333332, "cost": 1690.034856557846}
{"configuration": {"batch_norm": false, "batch_size": 1, "global_avg_pooling": false, "kernel_size": 5, "lr_init": 0.00011854840851203341, "n_conv_0": 43, "n_conv_l": 2, "n_fc_l": 2, "n_conv_1": 149, "n_fc_0": 4, "n_fc_1": 181}, "acc": -10.008333333333333, "num_params": 5.286400326707424, "num_epochs": 25.0, "cost": 4642.154678106308}
{"configuration": {"batch_norm": true, "batch_size": 2, "global_avg_pooling": false, "kernel_size": 5, "lr_init": 0.0005422469229689624, "n_conv_0": 402, "n_conv_l": 3, "n_fc_l": 2, "n_conv_1": 35, "n_conv_2": 319, "n_fc_0": 317, "n_fc_1": 76}, "acc": -90.69166666666668, "num_params": 6.198259718176528, "num_epochs": 25.0, "cost": 3807.2684638500214}
{"configuration": {"batch_norm": true, "batch_size": 1, "global_avg_pooling": false, "kernel_size": 5, "lr_init": 0.00047227352183807156, "n_conv_0": 558, "n_conv_l": 2, "n_fc_l": 2, "n_conv_1": 149, "n_fc_0": 5, "n_fc_1": 102}, "acc": -77.59166666666667, "num_params": 6.328944634120968, "num_epochs": 25.0, "cost": 6276.412693023682}
{"configuration": {"batch_norm": false, "batch_size": 1, "global_avg_pooling": false, "kernel_size": 7, "lr_init": 0.00047227352183807156, "n_conv_0": 114, "n_conv_l": 2, "n_fc_l": 3, "n_conv_1": 492, "n_fc_0": 76, "n_fc_1": 102, "n_fc_2": 32}, "acc": -85.48333333333333, "num_params": 6.662594279575559, "num_epochs": 8.333333333333332, "cost": 1782.2255547046661}
{"configuration": {"batch_norm": false, "batch_size": 1, "global_avg_pooling": false, "kernel_size": 7, "lr_init": 2.693623726107039e-05, "n_conv_0": 43, "n_conv_l": 2, "n_fc_l": 3, "n_conv_1": 149, "n_fc_0": 15, "n_fc_1": 181, "n_fc_2": 6}, "acc": -90.19166666666666, "num_params": 5.633296723811945, "num_epochs": 8.333333333333332, "cost": 1697.0428149700165}
{"configuration": {"batch_norm": false, "batch_size": 1, "global_avg_pooling": false, "kernel_size": 7, "lr_init": 0.00016748279325394977, "n_conv_0": 37, "n_conv_l": 2, "n_fc_l": 3, "n_conv_1": 271, "n_fc_0": 67, "n_fc_1": 203, "n_fc_2": 32}, "acc": -88.51666666666667, "num_params": 6.147325656057401, "num_epochs": 8.333333333333332, "cost": 1695.973967075348}
{"configuration": {"batch_norm": true, "batch_size": 2, "global_avg_pooling": false, "kernel_size": 5, "lr_init": 0.0005422469229689624, "n_conv_0": 402, "n_conv_l": 3, "n_fc_l": 2, "n_conv_1": 111, "n_conv_2": 319, "n_fc_0": 317, "n_fc_1": 76}, "acc": -86.83333333333333, "num_params": 6.46962808596288, "num_epochs": 25.0, "cost": 3819.6936087608337}
{"configuration": {"batch_norm": true, "batch_size": 1, "global_avg_pooling": false, "kernel_size": 5, "lr_init": 0.0013652097202748582, "n_conv_0": 43, "n_conv_l": 2, "n_fc_l": 2, "n_conv_1": 149, "n_fc_0": 3, "n_fc_1": 181}, "acc": -9.766666666666666, "num_params": 5.270156903532869, "num_epochs": 25.0, "cost": 5829.1062088012695}
{"configuration": {"batch_norm": false, "batch_size": 2, "global_avg_pooling": false, "kernel_size": 5, "lr_init": 0.010349914202137718, "n_conv_0": 402, "n_conv_l": 3, "n_fc_l": 2, "n_conv_1": 62, "n_conv_2": 148, "n_fc_0": 6, "n_fc_1": 76}, "acc": -10.316666666666666, "num_params": 5.940746520388003, "num_epochs": 25.0, "cost": 2898.427451610565}
{"configuration": {"batch_norm": false, "batch_size": 1, "global_avg_pooling": false, "kernel_size": 5, "lr_init": 0.0002956053986611422, "n_conv_0": 40, "n_conv_l": 2, "n_fc_l": 3, "n_conv_1": 149, "n_fc_0": 15, "n_fc_1": 192, "n_fc_2": 74}, "acc": -86.84166666666667, "num_params": 5.4437681966197555, "num_epochs": 8.333333333333332, "cost": 1691.6462790966034}
{"configuration": {"batch_norm": false, "batch_size": 1, "global_avg_pooling": false, "kernel_size": 5, "lr_init": 0.0006201428787821688, "n_conv_0": 40, "n_conv_l": 2, "n_fc_l": 2, "n_conv_1": 149, "n_fc_0": 4, "n_fc_1": 181}, "acc": -9.775, "num_params": 5.26036241093219, "num_epochs": 8.333333333333332, "cost": 1496.0300393104553}
{"configuration": {"batch_norm": false, "batch_size": 1, "global_avg_pooling": false, "kernel_size": 7, "lr_init": 1.705801971904318e-05, "n_conv_0": 45, "n_conv_l": 2, "n_fc_l": 3, "n_conv_1": 149, "n_fc_0": 15, "n_fc_1": 176, "n_fc_2": 74}, "acc": -90.75, "num_params": 5.660047323902265, "num_epochs": 8.333333333333332, "cost": 1690.6747646331787}
{"configuration": {"batch_norm": false, "batch_size": 1, "global_avg_pooling": true, "kernel_size": 7, "lr_init": 0.0006201428787821688, "n_conv_0": 40, "n_conv_l": 2, "n_fc_l": 3, "n_conv_1": 149, "n_fc_0": 4, "n_fc_1": 181, "n_fc_2": 32}, "acc": -9.775, "num_params": 5.4797883026283145, "num_epochs": 25.0, "cost": 5301.629869222641}
{"configuration": {"batch_norm": false, "batch_size": 1, "global_avg_pooling": false, "kernel_size": 7, "lr_init": 3.901455238318679e-05, "n_conv_0": 45, "n_conv_l": 2, "n_fc_l": 3, "n_conv_1": 149, "n_fc_0": 15, "n_fc_1": 176, "n_fc_2": 74}, "acc": -90.78333333333333, "num_params": 5.660047323902265, "num_epochs": 25.0, "cost": 5248.674098491669}
{"configuration": {"batch_norm": false, "batch_size": 1, "global_avg_pooling": false, "kernel_size": 7, "lr_init": 0.0006201428787821688, "n_conv_0": 49, "n_conv_l": 2, "n_fc_l": 3, "n_conv_1": 149, "n_fc_0": 15, "n_fc_1": 181, "n_fc_2": 32}, "acc": -9.775, "num_params": 5.680270228335192, "num_epochs": 25.0, "cost": 5263.859683513641}
{"configuration": {"batch_norm": false, "batch_size": 1, "global_avg_pooling": false, "kernel_size": 7, "lr_init": 2.693623726107039e-05, "n_conv_0": 43, "n_conv_l": 2, "n_fc_l": 3, "n_conv_1": 149, "n_fc_0": 15, "n_fc_1": 186, "n_fc_2": 9}, "acc": -90.10000000000001, "num_params": 5.634004427901699, "num_epochs": 8.333333333333332, "cost": 1700.2516903877258}
{"configuration": {"batch_norm": false, "batch_size": 1, "global_avg_pooling": false, "kernel_size": 5, "lr_init": 0.00011854840851203341, "n_conv_0": 41, "n_conv_l": 2, "n_fc_l": 2, "n_conv_1": 149, "n_fc_0": 4, "n_fc_1": 186}, "acc": -9.775, "num_params": 5.2693915115810634, "num_epochs": 8.333333333333332, "cost": 1496.761041879654}
{"configuration": {"batch_norm": false, "batch_size": 1, "global_avg_pooling": false, "kernel_size": 5, "lr_init": 0.0002956053986611422, "n_conv_0": 40, "n_conv_l": 2, "n_fc_l": 3, "n_conv_1": 149, "n_fc_0": 15, "n_fc_1": 186, "n_fc_2": 112}, "acc": -10.033333333333333, "num_params": 5.454492710169483, "num_epochs": 8.333333333333332, "cost": 1691.8371448516846}
{"configuration": {"batch_norm": false, "batch_size": 1, "global_avg_pooling": false, "kernel_size": 7, "lr_init": 0.0003927203845274589, "n_conv_0": 45, "n_conv_l": 2, "n_fc_l": 3, "n_conv_1": 149, "n_fc_0": 15, "n_fc_1": 176, "n_fc_2": 74}, "acc": -10.125, "num_params": 5.660047323902265, "num_epochs": 25.0, "cost": 5247.415162801743}
{"configuration": {"batch_norm": false, "batch_size": 1, "global_avg_pooling": false, "kernel_size": 7, "lr_init": 0.0001292451767712811, "n_conv_0": 42, "n_conv_l": 2, "n_fc_l": 2, "n_conv_1": 149, "n_fc_0": 4, "n_fc_1": 181}, "acc": -9.8, "num_params": 5.532530169136251, "num_epochs": 25.0,