{"configuration": {"batch_norm": false, "batch_size": 3, "global_avg_pooling": true, "kernel_size": 5, "lr_init": 0.014510088761295857, "n_conv_0": 541, "n_conv_l": 2, "n_fc_l": 3, "n_conv_1": 17, "n_fc_0": 2, "n_fc_1": 145, "n_fc_2": 20}, "acc": -9.8, "num_params": 5.393766426209555, "num_epochs": 8.333333333333332, "cost": 608.0901131629944}
{"configuration": {"batch_norm": true, "batch_size": 2, "global_avg_pooling": true, "kernel_size": 7, "lr_init": 2.9111357770705266e-05, "n_conv_0": 309, "n_conv_l": 3, "n_fc_l": 3, "n_conv_1": 49, "n_conv_2": 36, "n_fc_0": 138, "n_fc_1": 2, "n_fc_2": 237}, "acc": -89.47500000000001, "num_params": 5.931021831760507, "num_epochs": 8.333333333333332, "cost": 1349.3814775943756}
{"configuration": {"batch_norm": true, "batch_size": 307, "global_avg_pooling": false, "kernel_size": 7, "lr_init": 0.00014771711841644596, "n_conv_0": 417, "n_conv_l": 3, "n_fc_l": 3, "n_conv_1": 87, "n_conv_2": 32, "n_fc_0": 5, "n_fc_1": 27, "n_fc_2": 2}, "acc": -33.30833333333334, "num_params": 6.287313658007532, "num_epochs": 8.333333333333332, "cost": 148.6448996067047}
{"configuration": {"batch_norm": true, "batch_size": 2, "global_avg_pooling": true, "kernel_size": 7, "lr_init": 2.9111357770705266e-05, "n_conv_0": 309, "n_conv_l": 3, "n_fc_l": 3, "n_conv_1": 49, "n_conv_2": 36, "n_fc_0": 138, "n_fc_1": 2, "n_fc_2": 237}, "acc": -90.77499999999999, "num_params": 5.931021831760507, "num_epochs": 25.0, "cost": 4158.08500123024}
{"configuration": {"batch_norm": true, "batch_size": 22, "global_avg_pooling": false, "kernel_size": 7, "lr_init": 0.318841079304841, "n_conv_0": 278, "n_conv_l": 1, "n_fc_l": 3, "n_fc_0": 27, "n_fc_1": 3, "n_fc_2": 65}, "acc": -9.983333333333333, "num_params": 6.172212532861271, "num_epochs": 25.0, "cost": 230.65918278694153}
{"configuration": {"batch_norm": true, "batch_size": 3, "global_avg_pooling": false, "kernel_size": 7, "lr_init": 2.9111357770705266e-05, "n_conv_0": 309, "n_conv_l": 2, "n_fc_l": 3, "n_conv_1": 88, "n_fc_0": 138, "n_fc_1": 2, "n_fc_2": 237}, "acc": -91.04166666666667, "num_params": 6.289433532922034, "num_epochs": 25.0, "cost": 3149.8919558525085}
{"configuration": {"batch_norm": false, "batch_size": 3, "global_avg_pooling": true, "kernel_size": 5, "lr_init": 0.00023095601926532733, "n_conv_0": 271, "n_conv_l": 2, "n_fc_l": 3, "n_conv_1": 198, "n_fc_0": 2, "n_fc_1": 4, "n_fc_2": 75}, "acc": -9.733333333333333, "num_params": 6.130410647898234, "num_epochs": 8.333333333333332, "cost": 607.1953785419464}
{"configuration": {"batch_norm": true, "batch_size": 3, "global_avg_pooling": true, "kernel_size": 7, "lr_init": 2.9111357770705266e-05, "n_conv_0": 309, "n_conv_l": 2, "n_fc_l": 3, "n_conv_1": 39, "n_fc_0": 138, "n_fc_1": 2, "n_fc_2": 4}, "acc": -9.983333333333333, "num_params": 5.787137290213507, "num_epochs": 8.333333333333332, "cost": 760.7812054157257}
{"configuration": {"batch_norm": true, "batch_size": 4, "global_avg_pooling": true, "kernel_size": 7, "lr_init": 0.003149896872548681, "n_conv_0": 309, "n_conv_l": 2, "n_fc_l": 3, "n_conv_1": 39, "n_fc_0": 138, "n_fc_1": 2, "n_fc_2": 13}, "acc": -89.325, "num_params": 5.787220235442326, "num_epochs": 8.333333333333332, "cost": 582.7860715389252}
{"configuration": {"batch_norm": true, "batch_size": 4, "global_avg_pooling": true, "kernel_size": 7, "lr_init": 0.003149896872548681, "n_conv_0": 309, "n_conv_l": 2, "n_fc_l": 3, "n_conv_1": 39, "n_fc_0": 138, "n_fc_1": 17, "n_fc_2": 13}, "acc": -91.31666666666666, "num_params": 5.788833449753303, "num_epochs": 25.0, "cost": 1785.657547712326}
{"configuration": {"batch_norm": true, "batch_size": 2, "global_avg_pooling": true, "kernel_size": 5, "lr_init": 2.9111357770705266e-05, "n_conv_0": 309, "n_conv_l": 3, "n_fc_l": 3, "n_conv_1": 61, "n_conv_2": 31, "n_fc_0": 387, "n_fc_1": 58, "n_fc_2": 237}, "acc": -91.14999999999999, "num_params": 5.7624377222985705, "num_epochs": 25.0, "cost": 4089.386354446411}
{"configuration": {"batch_norm": true, "batch_size": 4, "global_avg_pooling": true, "kernel_size": 7, "lr_init": 0.003149896872548681, "n_conv_0": 309, "n_conv_l": 2, "n_fc_l": 3, "n_conv_1": 39, "n_fc_0": 387, "n_fc_1": 2, "n_fc_2": 13}, "acc": -10.033333333333333, "num_params": 5.794570993863255, "num_epochs": 25.0, "cost": 1782.2423827648163}
{"configuration": {"batch_norm": false, "batch_size": 3, "global_avg_pooling": true, "kernel_size": 5, "lr_init": 0.15093397365386185, "n_conv_0": 541, "n_conv_l": 2, "n_fc_l": 3, "n_conv_1": 17, "n_fc_0": 2, "n_fc_1": 423, "n_fc_2": 20}, "acc": -10.316666666666666, "num_params": 5.404838846052031, "num_epochs": 8.333333333333332, "cost": 597.7434568405151}
{"configuration": {"batch_norm": true, "batch_size": 4, "global_avg_pooling": true, "kernel_size": 7, "lr_init": 0.003149896872548681, "n_conv_0": 309, "n_conv_l": 2, "n_fc_l": 3, "n_conv_1": 39, "n_fc_0": 138, "n_fc_1": 17, "n_fc_2": 13}, "acc": -90.39166666666667, "num_params": 5.788833449753303, "num_epochs": 8.333333333333332, "cost": 573.775298833847}
{"configuration": {"batch_norm": false, "batch_size": 2, "global_avg_pooling": false, "kernel_size": 5, "lr_init": 0.10044201217815535, "n_conv_0": 541, "n_conv_l": 2, "n_fc_l": 3, "n_conv_1": 31, "n_fc_0": 36, "n_fc_1": 12, "n_fc_2": 20}, "acc": -9.983333333333333, "num_params": 5.689314187857578, "num_epochs": 8.333333333333332, "cost": 894.4691543579102}
{"configuration": {"batch_norm": true, "batch_size": 2, "global_avg_pooling": true, "kernel_size": 5, "lr_init": 0.07032344519421856, "n_conv_0": 409, "n_conv_l": 2, "n_fc_l": 3, "n_conv_1": 26, "n_fc_0": 387, "n_fc_1": 145, "n_fc_2": 237}, "acc": -9.983333333333333, "num_params": 5.581005899653317, "num_epochs": 25.0, "cost": 3407.735247373581}
{"configuration": {"batch_norm": true, "batch_size": 4, "global_avg_pooling": true, "kernel_size": 7, "lr_init": 0.015266040320509752, "n_conv_0": 234, "n_conv_l": 2, "n_fc_l": 3, "n_conv_1": 47, "n_fc_0": 22, "n_fc_1": 2, "n_fc_2": 13}, "acc": -77.5, "num_params": 5.742325993884734, "num_epochs": 25.0, "cost": 1738.1185324192047}
{"configuration": {"batch_norm": true, "batch_size": 2, "global_avg_pooling": true, "kernel_size": 7, "lr_init": 0.042342383202368335, "n_conv_0": 309, "n_conv_l": 3, "n_fc_l": 3, "n_conv_1": 61, "n_conv_2": 850, "n_fc_0": 3, "n_fc_1": 58, "n_fc_2": 190}, "acc": -10.858333333333334, "num_params": 6.543938605307293, "num_epochs": 25.0, "cost": 4404.1871428489685}
{"configuration": {"batch_norm": true, "batch_size": 4, "global_avg_pooling": true, "kernel_size": 7, "lr_init": 0.014510088761295857, "n_conv_0": 541, "n_conv_l": 2, "n_fc_l": 3, "n_conv_1": 17, "n_fc_0": 2, "n_fc_1": 29, "n_fc_2": 13}, "acc": -83.23333333333333, "num_params": 5.680778648432442, "num_epochs": 8.333333333333332, "cost": 628.2651171684265}
{"configuration": {"batch_norm": true, "batch_size": 4, "global_avg_pooling": true, "kernel_size": 7, "lr_init": 0.010159089903120824, "n_conv_0": 309, "n_conv_l": 2, "n_fc_l": 3, "n_conv_1": 39, "n_fc_0": 138, "n_fc_1": 17, "n_fc_2": 13}, "acc": -74.34166666666667, "num_params": 5.788833449753303, "num_epochs": 8.333333333333332, "cost": 583.0158417224884}
{"configuration": {"batch_norm": false, "batch_size": 3, "global_avg_pooling": true, "kernel_size": 7, "lr_init": 0.0009766475542896834, "n_conv_0": 541, "n_conv_l": 2, "n_fc_l": 3, "n_conv_1": 17, "n_fc_0": 138, "n_fc_1": 423, "n_fc_2": 13}, "acc": -10.033333333333333, "num_params": 5.7361199001100545, "num_epochs": 8.333333333333332, "cost": 792.9330358505249}
{"configuration": {"batch_norm": true, "batch_size": 4, "global_avg_pooling": true, "kernel_size": 7, "lr_init": 0.07032344519421856, "n_conv_0": 541, "n_conv_l": 2, "n_fc_l": 3, "n_conv_1": 26, "n_fc_0": 2, "n_fc_1": 145, "n_fc_2": 13}, "acc": -9.983333333333333, "num_params": 5.857315003662349, "num_epochs": 25.0, "cost": 1940.2168879508972}
{"configuration": {"batch_norm": true, "batch_size": 2, "global_avg_pooling": true, "kernel_size": 7, "lr_init": 2.9111357770705266e-05, "n_conv_0": 269, "n_conv_l": 3,