{"configuration": {"batch_norm": true, "batch_size": 1, "global_avg_pooling": false, "kernel_size": 7, "lr_init": 0.030256854110158774, "n_conv_0": 32, "n_conv_l": 2, "n_fc_l": 2, "n_conv_1": 300, "n_fc_0": 80, "n_fc_1": 259}, "acc": -10.008333333333333, "num_params": 6.223398064411229, "num_epochs": 8.333333333333332, "cost": 1377.8892781734467}
{"configuration": {"batch_norm": false, "batch_size": 4, "global_avg_pooling": true, "kernel_size": 5, "lr_init": 0.012113947498361711, "n_conv_0": 30, "n_conv_l": 2, "n_fc_l": 1, "n_conv_1": 197, "n_fc_0": 5}, "acc": -9.8, "num_params": 5.175445127515713, "num_epochs": 8.333333333333332, "cost": 238.9240472316742}
{"configuration": {"batch_norm": true, "batch_size": 1, "global_avg_pooling": true, "kernel_size": 7, "lr_init": 0.026767525212753163, "n_conv_0": 165, "n_conv_l": 3, "n_fc_l": 1, "n_conv_1": 577, "n_conv_2": 484, "n_fc_0": 127}, "acc": -10.433333333333334, "num_params": 7.265379564074578, "num_epochs": 8.333333333333332, "cost": 3094.0565361976624}
{"configuration": {"batch_norm": true, "batch_size": 1, "global_avg_pooling": true, "kernel_size": 7, "lr_init": 0.026767525212753163, "n_conv_0": 165, "n_conv_l": 3, "n_fc_l": 1, "n_conv_1": 577, "n_conv_2": 484, "n_fc_0": 127}, "acc": -10.016666666666667, "num_params": 7.265379564074578, "num_epochs": 25.0, "cost": 9553.903793334961}
{"configuration": {"batch_norm": true, "batch_size": 2, "global_avg_pooling": true, "kernel_size": 7, "lr_init": 0.00012517136904785896, "n_conv_0": 570, "n_conv_l": 2, "n_fc_l": 1, "n_conv_1": 120, "n_fc_0": 14}, "acc": -91.05, "num_params": 6.529358992791631, "num_epochs": 25.0, "cost": 2673.533261537552}
{"configuration": {"batch_norm": true, "batch_size": 1, "global_avg_pooling": false, "kernel_size": 7, "lr_init": 0.003017503268096484, "n_conv_0": 581, "n_conv_l": 3, "n_fc_l": 3, "n_conv_1": 577, "n_conv_2": 906, "n_fc_0": 127, "n_fc_1": 7, "n_fc_2": 32}, "acc": -9.866666666666667, "num_params": 7.634616091211996, "num_epochs": 25.0, "cost": 19319.195236682892}
{"configuration": {"batch_norm": true, "batch_size": 3, "global_avg_pooling": false, "kernel_size": 7, "lr_init": 0.04497643595408997, "n_conv_0": 75, "n_conv_l": 2, "n_fc_l": 2, "n_conv_1": 300, "n_fc_0": 80, "n_fc_1": 259}, "acc": -10.191666666666666, "num_params": 6.363039876171729, "num_epochs": 8.333333333333332, "cost": 463.03325724601746}
{"configuration": {"batch_norm": false, "batch_size": 4, "global_avg_pooling": true, "kernel_size": 5, "lr_init": 0.009345386737589669, "n_conv_0": 45, "n_conv_l": 2, "n_fc_l": 1, "n_conv_1": 274, "n_fc_0": 5}, "acc": -9.8, "num_params": 5.492940493117688, "num_epochs": 8.333333333333332, "cost": 237.7786922454834}
{"configuration": {"batch_norm": true, "batch_size": 1, "global_avg_pooling": true, "kernel_size": 7, "lr_init": 0.026767525212753163, "n_conv_0": 165, "n_conv_l": 3, "n_fc_l": 2, "n_conv_1": 468, "n_conv_2": 561, "n_fc_0": 32, "n_fc_1": 32}, "acc": -9.975000000000001, "num_params": 7.2221874280223535, "num_epochs": 8.333333333333332, "cost": 2744.5063767433167}
{"configuration": {"batch_norm": true, "batch_size": 7, "global_avg_pooling": false, "kernel_size": 5, "lr_init": 0.015702691404177512, "n_conv_0": 570, "n_conv_l": 2, "n_fc_l": 1, "n_conv_1": 142, "n_fc_0": 4}, "acc": -9.875, "num_params": 6.315502650185552, "num_epochs": 25.0, "cost": 778.2019035816193}
{"configuration": {"batch_norm": true, "batch_size": 1, "global_avg_pooling": true, "kernel_size": 7, "lr_init": 0.00022308209184681733, "n_conv_0": 54, "n_conv_l": 3, "n_fc_l": 1, "n_conv_1": 55, "n_conv_2": 714, "n_fc_0": 127}, "acc": -73.575, "num_params": 6.335850894734858, "num_epochs": 25.0, "cost": 4911.790598630905}
{"configuration": {"batch_norm": true, "batch_size": 1, "global_avg_pooling": true, "kernel_size": 7, "lr_init": 0.00012517136904785896, "n_conv_0": 570, "n_conv_l": 2, "n_fc_l": 1, "n_conv_1": 120, "n_fc_0": 14}, "acc": -28.366666666666667, "num_params": 6.529358992791631, "num_epochs": 25.0, "cost": 4795.406564950943}
{"configuration": {"batch_norm": true, "batch_size": 366, "global_avg_pooling": true, "kernel_size": 7, "lr_init": 0.04497643595408997, "n_conv_0": 261, "n_conv_l": 2, "n_fc_l": 2, "n_conv_1": 300, "n_fc_0": 80, "n_fc_1": 32}, "acc": -87.75833333333334, "num_params": 6.588627290442688, "num_epochs": 8.333333333333332, "cost": 173.5914945602417}
{"configuration": {"batch_norm": true, "batch_size": 5, "global_avg_pooling": true, "kernel_size": 5, "lr_init": 0.012113947498361711, "n_conv_0": 30, "n_conv_l": 2, "n_fc_l": 1, "n_conv_1": 197, "n_fc_0": 5}, "acc": -85.88333333333334, "num_params": 5.176759558099525, "num_epochs": 8.333333333333332, "cost": 241.71926856040955}
{"configuration": {"batch_norm": false, "batch_size": 1, "global_avg_pooling": true, "kernel_size": 7, "lr_init": 0.009345386737589669, "n_conv_0": 165, "n_conv_l": 2, "n_fc_l": 1, "n_conv_1": 274, "n_fc_0": 127}, "acc": -10.008333333333333, "num_params": 6.354112090280353, "num_epochs": 8.333333333333332, "cost": 1020.4094476699829}
{"configuration": {"batch_norm": true, "batch_size": 1, "global_avg_pooling": true, "kernel_size": 5, "lr_init": 0.026575385119445193, "n_conv_0": 54, "n_conv_l": 2, "n_fc_l": 1, "n_conv_1": 55, "n_fc_0": 4}, "acc": -14.241666666666667, "num_params": 4.881960670704853, "num_epochs": 25.0, "cost": 3789.256462574005}
{"configuration": {"batch_norm": true, "batch_size": 2, "global_avg_pooling": true, "kernel_size": 7, "lr_init": 0.0008313777642492324, "n_conv_0": 570, "n_conv_l": 2, "n_fc_l": 1, "n_conv_1": 292, "n_fc_0": 14}, "acc": -89.9, "num_params": 6.913301294402383, "num_epochs": 25.0, "cost": 3976.8226437568665}
{"configuration": {"batch_norm": true, "batch_size": 3, "global_avg_pooling": true, "kernel_size": 5, "lr_init": 0.17651148527599025, "n_conv_0": 32, "n_conv_l": 2, "n_fc_l": 1, "n_conv_1": 133, "n_fc_0": 3}, "acc": -9.775, "num_params": 5.033974316954806, "num_epochs": 25.0, "cost": 1268.7144572734833}
{"configuration": {"batch_norm": true, "batch_size": 155, "global_avg_pooling": true, "kernel_size": 7, "lr_init": 0.04497643595408997, "n_conv_0": 56, "n_conv_l": 2, "n_fc_l": 3, "n_conv_1": 222, "n_fc_0": 80, "n_fc_1": 32, "n_fc_2": 32}, "acc": -20.4, "num_params": 5.802475430126779, "num_epochs": 8.333333333333332, "cost": 35.22871255874634}
{"configuration": {"batch_norm": false, "batch_size": 7, "global_avg_pooling": true, "kernel_size": 5, "lr_init": 0.005521941576142526, "n_conv_0": 30, "n_conv_l": 2, "n_fc_l": 1, "n_conv_1": 197, "n_fc_0": 6}, "acc": -10.008333333333333, "num_params": 5.176047827435874, "num_epochs": 8.333333333333332, "cost": 133.71998476982117}
{"configuration": {"batch_norm": false, "batch_size": 1, "global_avg_pooling": true, "kernel_size": 7, "lr_init": 0.004850065491236677, "n_conv_0": 56, "n_conv_l": 2, "n_fc_l": 1, "n_conv_1": 222, "n_fc_0": 127}, "acc": -10.208333333333334, "num_params": 5.807393622579144, "num_epochs": 8.333333333333332, "cost": 946.4812982082367}
{"configuration": {"batch_norm": true, "batch_size": 2, "global_avg_pooling": true, "kernel_size": 7, "lr_init": 0.009345386737589669, "n_conv_0": 570, "n_conv_l": 2, "n_fc_l": 1, "n_conv_1": 120, "n_fc_0": 509}, "acc": -79.85, "num_params": 6.537603656759868, "num_epochs": 25.0, "cost": 2662.3083822727203}
{"configuration": {"batch_norm": true, "batch_size": 1, "global_avg_pooling": true, "kernel_size": 5, "lr_init": 0.026575385119445193, "n_conv_0": 424, "n_conv_l": 2, "n_fc_l": 2, "n_conv_1": 228, "n_fc_0": 16, "n_fc_1": 70}, "acc": -11.808333333333334, "num_params": 6.38648469691439, "num_epochs": 25.0, "cost": 4593.931263685226}
{"configuration": {"batch_norm": true, "batch_size": 2, "global_avg_pooling": false, "kernel_size": 7, "lr_init": 0.00012517136904785896, "n_conv_0": 424, "n_conv_l": 2, "n_fc_l": 1, "n_conv_1": 120, "n_fc_0": 14}, "acc": -91.35833333333333, "num_params": 6.414641152711508, "num_epochs": 25.0, "cost": 2507.9036667346954}
{"configuration": {"batch_norm": true, "batch_size": 366,