{"configuration": {"batch_norm": false, "batch_size": 220, "global_avg_pooling": true, "kernel_size": 7, "lr_init": 0.0010224111241657987, "n_conv_0": 29, "n_conv_l": 1, "n_fc_l": 2, "n_fc_0": 33, "n_fc_1": 6}, "acc": -9.411764705882353, "n_params": 3.748575616930992, "num_epochs": 8.333333333333332, "cost": 2.4386322498321533}
{"configuration": {"batch_norm": false, "batch_size": 9, "global_avg_pooling": false, "kernel_size": 3, "lr_init": 0.011198496513568445, "n_conv_0": 172, "n_conv_l": 2, "n_fc_l": 3, "n_conv_1": 55, "n_fc_0": 372, "n_fc_1": 3, "n_fc_2": 42}, "acc": -5.88235294117647, "n_params": 5.623002085814745, "num_epochs": 8.333333333333332, "cost": 2.3669321537017822}
{"configuration": {"batch_norm": true, "batch_size": 144, "global_avg_pooling": true, "kernel_size": 3, "lr_init": 0.00632618218628648, "n_conv_0": 20, "n_conv_l": 2, "n_fc_l": 1, "n_conv_1": 106, "n_fc_0": 30}, "acc": -16.76470588235294, "n_params": 4.375389236054379, "num_epochs": 8.333333333333332, "cost": 0.2455277442932129}
{"configuration": {"batch_norm": true, "batch_size": 144, "global_avg_pooling": true, "kernel_size": 3, "lr_init": 0.00632618218628648, "n_conv_0": 20, "n_conv_l": 2, "n_fc_l": 1, "n_conv_1": 106, "n_fc_0": 30}, "acc": -49.411764705882355, "n_params": 4.375389236054379, "num_epochs": 25.0, "cost": 0.672576904296875}
{"configuration": {"batch_norm": false, "batch_size": 16, "global_avg_pooling": false, "kernel_size": 7, "lr_init": 0.0012374877330306273, "n_conv_0": 22, "n_conv_l": 1, "n_fc_l": 2, "n_fc_0": 35, "n_fc_1": 14}, "acc": -35.88235294117647, "n_params": 4.726971583682877, "num_epochs": 25.0, "cost": 2.917121648788452}
{"configuration": {"batch_norm": false, "batch_size": 162, "global_avg_pooling": true, "kernel_size": 3, "lr_init": 0.0030756362744875374, "n_conv_0": 81, "n_conv_l": 2, "n_fc_l": 2, "n_conv_1": 31, "n_fc_0": 30, "n_fc_1": 3}, "acc": -5.88235294117647, "n_params": 4.415290601109983, "num_epochs": 25.0, "cost": 0.6319460868835449}
{"configuration": {"batch_norm": false, "batch_size": 54, "global_avg_pooling": false, "kernel_size": 7, "lr_init": 0.001360299624622402, "n_conv_0": 85, "n_conv_l": 1, "n_fc_l": 2, "n_fc_0": 116, "n_fc_1": 6}, "acc": -13.23529411764706, "n_params": 5.809261329278046, "num_epochs": 8.333333333333332, "cost": 0.3973205089569092}
{"configuration": {"batch_norm": true, "batch_size": 11, "global_avg_pooling": false, "kernel_size": 5, "lr_init": 0.011198496513568445, "n_conv_0": 206, "n_conv_l": 2, "n_fc_l": 1, "n_conv_1": 37, "n_fc_0": 390}, "acc": -34.11764705882353, "n_params": 5.648014389790688, "num_epochs": 8.333333333333332, "cost": 2.073014259338379}
{"configuration": {"batch_norm": true, "batch_size": 144, "global_avg_pooling": false, "kernel_size": 3, "lr_init": 0.020936726094964348, "n_conv_0": 20, "n_conv_l": 2, "n_fc_l": 2, "n_conv_1": 106, "n_fc_0": 103, "n_fc_1": 21}, "acc": -19.11764705882353, "n_params": 5.295230528789053, "num_epochs": 8.333333333333332, "cost": 0.2358391284942627}
{"configuration": {"batch_norm": false, "batch_size": 16, "global_avg_pooling": false, "kernel_size": 3, "lr_init": 0.02785593776773461, "n_conv_0": 172, "n_conv_l": 1, "n_fc_l": 2, "n_fc_0": 35, "n_fc_1": 5}, "acc": -5.88235294117647, "n_params": 5.591524270404148, "num_epochs": 25.0, "cost": 3.3221659660339355}
{"configuration": {"batch_norm": false, "batch_size": 144, "global_avg_pooling": false, "kernel_size": 3, "lr_init": 0.00632618218628648, "n_conv_0": 20, "n_conv_l": 2, "n_fc_l": 1, "n_conv_1": 199, "n_fc_0": 30}, "acc": -45.294117647058826, "n_params": 5.122726897800907, "num_epochs": 25.0, "cost": 0.5426838397979736}
{"configuration": {"batch_norm": true, "batch_size": 16, "global_avg_pooling": true, "kernel_size": 7, "lr_init": 0.015002751823455108, "n_conv_0": 22, "n_conv_l": 1, "n_fc_l": 2, "n_fc_0": 28, "n_fc_1": 14}, "acc": -33.52941176470588, "n_params": 3.663229634532868, "num_epochs": 25.0, "cost": 3.916459321975708}
{"configuration": {"batch_norm": false, "batch_size": 220, "global_avg_pooling": true, "kernel_size": 7, "lr_init": 0.0010224111241657987, "n_conv_0": 29, "n_conv_l": 1, "n_fc_l": 2, "n_fc_0": 33, "n_fc_1": 12}, "acc": -5.588235294117648, "n_params": 3.7716609593488872, "num_epochs": 8.333333333333332, "cost": 0.1435844898223877}
{"configuration": {"batch_norm": true, "batch_size": 11, "global_avg_pooling": false, "kernel_size": 3, "lr_init": 0.02785593776773461, "n_conv_0": 172, "n_conv_l": 2, "n_fc_l": 2, "n_conv_1": 37, "n_fc_0": 390, "n_fc_1": 5}, "acc": -5.88235294117647, "n_params": 5.4711068031037104, "num_epochs": 8.333333333333332, "cost": 2.4247143268585205}
{"configuration": {"batch_norm": true, "batch_size": 32, "global_avg_pooling": true, "kernel_size": 3, "lr_init": 0.020936726094964348, "n_conv_0": 54, "n_conv_l": 2, "n_fc_l": 1, "n_conv_1": 106, "n_fc_0": 30}, "acc": -31.176470588235293, "n_params": 4.757327690368757, "num_epochs": 8.333333333333332, "cost": 0.5600142478942871}
{"configuration": {"batch_norm": true, "batch_size": 144, "global_avg_pooling": true, "kernel_size": 7, "lr_init": 0.006155682065291737, "n_conv_0": 126, "n_conv_l": 2, "n_fc_l": 1, "n_conv_1": 37, "n_fc_0": 30}, "acc": -46.76470588235294, "n_params": 5.396401621910484, "num_epochs": 25.0, "cost": 0.8042116165161133}
