{"configuration": {"batch_norm": true, "batch_size": 1, "global_avg_pooling": false, "kernel_size": 7, "lr_init": 0.030256854110158774, "n_conv_0": 32, "n_conv_l": 2, "n_fc_l": 2, "n_conv_1": 300, "n_fc_0": 80, "n_fc_1": 259}, "acc": -10.108333333333333, "num_params": 6.223398064411229, "num_epochs": 8.333333333333332, "cost": 1842.487076997757}
{"configuration": {"batch_norm": false, "batch_size": 4, "global_avg_pooling": true, "kernel_size": 5, "lr_init": 0.012113947498361711, "n_conv_0": 30, "n_conv_l": 2, "n_fc_l": 1, "n_conv_1": 197, "n_fc_0": 5}, "acc": -10.008333333333333, "num_params": 5.175445127515713, "num_epochs": 8.333333333333332, "cost": 318.6131958961487}
{"configuration": {"batch_norm": true, "batch_size": 1, "global_avg_pooling": true, "kernel_size": 7, "lr_init": 0.026767525212753163, "n_conv_0": 165, "n_conv_l": 3, "n_fc_l": 1, "n_conv_1": 577, "n_conv_2": 484, "n_fc_0": 127}, "acc": -10.875, "num_params": 7.265379564074578, "num_epochs": 8.333333333333332, "cost": 3922.2114946842194}
{"configuration": {"batch_norm": true, "batch_size": 1, "global_avg_pooling": true, "kernel_size": 7, "lr_init": 0.026767525212753163, "n_conv_0": 165, "n_conv_l": 3, "n_fc_l": 1, "n_conv_1": 577, "n_conv_2": 484, "n_fc_0": 127}, "acc": -9.716666666666667, "num_params": 7.265379564074578, "num_epochs": 25.0, "cost": 12092.106772184372}
{"configuration": {"batch_norm": true, "batch_size": 2, "global_avg_pooling": true, "kernel_size": 7, "lr_init": 0.0001177327333336562, "n_conv_0": 570, "n_conv_l": 3, "n_fc_l": 2, "n_conv_1": 166, "n_conv_2": 82, "n_fc_0": 18, "n_fc_1": 32}, "acc": -91.50833333333334, "num_params": 6.727230796322087, "num_epochs": 25.0, "cost": 5397.521688222885}
{"configuration": {"batch_norm": false, "batch_size": 1, "global_avg_pooling": true, "kernel_size": 5, "lr_init": 0.026767525212753163, "n_conv_0": 165, "n_conv_l": 3, "n_fc_l": 1, "n_conv_1": 968, "n_conv_2": 199, "n_fc_0": 170}, "acc": -10.008333333333333, "num_params": 6.946941651291653, "num_epochs": 25.0, "cost": 7890.422933578491}
{"configuration": {"batch_norm": true, "batch_size": 3, "global_avg_pooling": false, "kernel_size": 7, "lr_init": 0.04497643595408997, "n_conv_0": 75, "n_conv_l": 2, "n_fc_l": 2, "n_conv_1": 300, "n_fc_0": 80, "n_fc_1": 259}, "acc": -9.975000000000001, "num_params": 6.363039876171729, "num_epochs": 8.333333333333332, "cost": 609.3641602993011}
{"configuration": {"batch_norm": false, "batch_size": 4, "global_avg_pooling": true, "kernel_size": 5, "lr_init": 0.011394044511067264, "n_conv_0": 68, "n_conv_l": 2, "n_fc_l": 1, "n_conv_1": 274, "n_fc_0": 5}, "acc": -10.125, "num_params": 5.67142926928204, "num_epochs": 8.333333333333332, "cost": 320.6025867462158}
{"configuration": {"batch_norm": true, "batch_size": 1, "global_avg_pooling": true, "kernel_size": 7, "lr_init": 0.026767525212753163, "n_conv_0": 165, "n_conv_l": 3, "n_fc_l": 1, "n_conv_1": 490, "n_conv_2": 484, "n_fc_0": 127}, "acc": -9.3, "num_params": 7.194704862400222, "num_epochs": 8.333333333333332, "cost": 3556.3103539943695}
{"configuration": {"batch_norm": true, "batch_size": 8, "global_avg_pooling": false, "kernel_size": 5, "lr_init": 0.007903519565613184, "n_conv_0": 570, "n_conv_l": 2, "n_fc_l": 2, "n_conv_1": 136, "n_fc_0": 5, "n_fc_1": 437}, "acc": -10.008333333333333, "num_params": 6.299876499048638, "num_epochs": 25.0, "cost": 820.7759294509888}
{"configuration": {"batch_norm": false, "batch_size": 1, "global_avg_pooling": true, "kernel_size": 5, "lr_init": 0.026767525212753163, "n_conv_0": 452, "n_conv_l": 3, "n_fc_l": 2, "n_conv_1": 968, "n_conv_2": 199, "n_fc_0": 148, "n_fc_1": 32}, "acc": -10.025, "num_params": 7.19870702794829, "num_epochs": 25.0, "cost": 13433.618931770325}
{"configuration": {"batch_norm": false, "batch_size": 2, "global_avg_pooling": true, "kernel_size": 7, "lr_init": 0.0018304446937570651, "n_conv_0": 204, "n_conv_l": 3, "n_fc_l": 2, "n_conv_1": 341, "n_conv_2": 82, "n_fc_0": 55, "n_fc_1": 32}, "acc": -10.100000000000001, "num_params": 6.680886780852377, "num_epochs": 25.0, "cost": 3659.7878143787384}
{"configuration": {"batch_norm": false, "batch_size": 2, "global_avg_pooling": true, "kernel_size": 5, "lr_init": 0.011394044511067264, "n_conv_0": 77, "n_conv_l": 2, "n_fc_l": 1, "n_conv_1": 274, "n_fc_0": 5}, "acc": -10.008333333333333, "num_params": 5.725226179864125, "num_epochs": 8.333333333333332, "cost": 646.2360715866089}
{"configuration": {"batch_norm": false, "batch_size": 2, "global_avg_pooling": true, "kernel_size": 5, "lr_init": 0.012113947498361711, "n_conv_0": 30, "n_conv_l": 2, "n_fc_l": 1, "n_conv_1": 197, "n_fc_0": 5}, "acc": -9.733333333333333, "num_params": 5.175445127515713, "num_epochs": 8.333333333333332, "cost": 635.5949265956879}
{"configuration": {"batch_norm": false, "batch_size": 1, "global_avg_pooling": true, "kernel_size": 5, "lr_init": 0.01856738922132074, "n_conv_0": 452, "n_conv_l": 2, "n_fc_l": 2, "n_conv_1": 371, "n_fc_0": 148, "n_fc_1": 32}, "acc": -10.008333333333333, "num_params": 6.6298759603156405, "num_epochs": 8.333333333333332, "cost": 1841.9909737110138}
{"configuration": {"batch_norm": false, "batch_size": 1, "global_avg_pooling": true, "kernel_size": 5, "lr_init": 0.009489628745356039, "n_conv_0": 165, "n_conv_l": 2, "n_fc_l": 1, "n_conv_1": 968, "n_fc_0": 6}, "acc": -10.033333333333333, "num_params": 6.60250947058623, "num_epochs": 25.0, "cost": 5719.413219213486}
{"configuration": {"batch_norm": true, "batch_size": 2, "global_avg_pooling": true, "kernel_size": 7, "lr_init": 0.0001177327333336562, "n_conv_0": 466, "n_conv_l": 3, "n_fc_l": 1, "n_conv_1": 148, "n_conv_2": 82, "n_fc_0": 5}, "acc": -91.93333333333334, "num_params": 6.602004941013494, "num_epochs": 25.0, "cost": 4575.746309041977}
{"configuration": {"batch_norm": false, "batch_size": 2, "global_avg_pooling": true, "kernel_size": 5, "lr_init": 0.009489628745356039, "n_conv_0": 54, "n_conv_l": 2, "n_fc_l": 1, "n_conv_1": 699, "n_fc_0": 6}, "acc": -10.125, "num_params": 5.977734119659552, "num_epochs": 25.0, "cost": 1986.7713108062744}
{"configuration": {"batch_norm": false, "batch_size": 1, "global_avg_pooling": true, "kernel_size": 5, "lr_init": 0.011394044511067264, "n_conv_0": 300, "n_conv_l": 2, "n_fc_l": 2, "n_conv_1": 315, "n_fc_0": 5, "n_fc_1": 91}, "acc": -10.2, "num_params": 6.375418694255444, "num_epochs": 8.333333333333332, "cost": 1669.6467864513397}
{"configuration": {"batch_norm": false, "batch_size": 1, "global_avg_pooling": true, "kernel_size": 5, "lr_init": 0.011050298863698833, "n_conv_0": 30, "n_conv_l": 2, "n_fc_l": 1, "n_conv_1": 197, "n_fc_0": 5}, "acc": -9.983333333333333, "num_params": 5.175445127515713, "num_epochs": 8.333333333333332, "cost": 1316.0726504325867}
{"configuration": {"batch_norm": false, "batch_size": 1, "global_avg_pooling": true, "kernel_size": 5, "lr_init": 0.011050298863698833, "n_conv_0": 216, "n_conv_l": 2, "n_fc_l": 2, "n_conv_1": 346, "n_fc_0": 5, "n_fc_1": 91}, "acc": -10.125, "num_params": 6.27359451829582, "num_epochs": 8.333333333333332, "cost": 1729.4703047275543}
{"configuration": {"batch_norm": false, "batch_size": 2, "global_avg_pooling": true, "kernel_size": 7, "lr_init": 0.011748483178736963, "n_conv_0": 466, "n_conv_l": 2, "n_fc_l": 1, "n_conv_1": 148, "n_fc_0": 5}, "acc": -10.008333333333333, "num_params": 6.531949360727494, "num_epochs": 25.0, "cost": 3871.612633228302}
{"configuration": {"batch_norm": true, "batch_size": 2, "global_avg_pooling": true, "kernel_size": 5, "lr_init": 3.753635136197941e-05, "n_conv_0": 520, "n_conv_l": 2, "n_fc_l": 1, "n_conv_1": 699, "n_fc_0": 5}, "acc": -88.49166666666667, "num_params": 6.959385684745361, "num_epochs": 25.0, "cost": 5335.496718645096}
