{"configuration": {"batch_norm": false, "batch_size": 2, "global_avg_pooling": false, "kernel_size": 7, "lr_init": 0.0004753781830244091, "n_conv_0": 339, "n_conv_l": 2, "n_fc_l": 2, "n_conv_1": 19, "n_fc_0": 3, "n_fc_1": 5}, "acc": -10.008333333333333, "num_params": 5.525632974830372, "num_epochs": 8.333333333333332, "cost": 553.2362039089203}
{"configuration": {"batch_norm": true, "batch_size": 1, "global_avg_pooling": true, "kernel_size": 3, "lr_init": 0.008100019937367996, "n_conv_0": 111, "n_conv_l": 2, "n_fc_l": 2, "n_conv_1": 315, "n_fc_0": 185, "n_fc_1": 14}, "acc": -9.466666666666667, "num_params": 5.577693963963553, "num_epochs": 8.333333333333332, "cost": 1403.4854032993317}
{"configuration": {"batch_norm": true, "batch_size": 5, "global_avg_pooling": true, "kernel_size": 3, "lr_init": 0.0015513405000555738, "n_conv_0": 175, "n_conv_l": 1, "n_fc_l": 3, "n_fc_0": 16, "n_fc_1": 14, "n_fc_2": 49}, "acc": -81.64166666666667, "num_params": 3.80543288813214, "num_epochs": 8.333333333333332, "cost": 241.36868405342102}
{"configuration": {"batch_norm": true, "batch_size": 5, "global_avg_pooling": true, "kernel_size": 3, "lr_init": 0.0015513405000555738, "n_conv_0": 175, "n_conv_l": 1, "n_fc_l": 3, "n_fc_0": 16, "n_fc_1": 14, "n_fc_2": 49}, "acc": -81.73333333333333, "num_params": 3.80543288813214, "num_epochs": 25.0, "cost": 747.4593646526337}
{"configuration": {"batch_norm": true, "batch_size": 10, "global_avg_pooling": true, "kernel_size": 5, "lr_init": 0.0010795916991677458, "n_conv_0": 334, "n_conv_l": 3, "n_fc_l": 2, "n_conv_1": 54, "n_conv_2": 38, "n_fc_0": 343, "n_fc_1": 8}, "acc": -92.09166666666667, "num_params": 5.722672579602414, "num_epochs": 25.0, "cost": 550.6827313899994}
{"configuration": {"batch_norm": true, "batch_size": 10, "global_avg_pooling": true, "kernel_size": 5, "lr_init": 0.0010795916991677458, "n_conv_0": 334, "n_conv_l": 3, "n_fc_l": 3, "n_conv_1": 447, "n_conv_2": 194, "n_fc_0": 343, "n_fc_1": 14, "n_fc_2": 49}, "acc": -92.25833333333333, "num_params": 6.777035926497833, "num_epochs": 25.0, "cost": 1371.3575656414032}
{"configuration": {"batch_norm": true, "batch_size": 2, "global_avg_pooling": false, "kernel_size": 7, "lr_init": 0.0004753781830244091, "n_conv_0": 306, "n_conv_l": 2, "n_fc_l": 3, "n_conv_1": 110, "n_fc_0": 3, "n_fc_1": 5, "n_fc_2": 32}, "acc": -89.36666666666667, "num_params": 6.225902670459889, "num_epochs": 8.333333333333332, "cost": 775.8143603801727}
{"configuration": {"batch_norm": true, "batch_size": 1, "global_avg_pooling": true, "kernel_size": 3, "lr_init": 0.00020804140002219417, "n_conv_0": 111, "n_conv_l": 2, "n_fc_l": 2, "n_conv_1": 315, "n_fc_0": 16, "n_fc_1": 5}, "acc": -27.208333333333336, "num_params": 5.50807566079288, "num_epochs": 8.333333333333332, "cost": 1386.2830457687378}
{"configuration": {"batch_norm": true, "batch_size": 4, "global_avg_pooling": false, "kernel_size": 7, "lr_init": 0.00017408468458327407, "n_conv_0": 244, "n_conv_l": 3, "n_fc_l": 3, "n_conv_1": 447, "n_conv_2": 194, "n_fc_0": 3, "n_fc_1": 14, "n_fc_2": 40}, "acc": -91.64999999999999, "num_params": 6.982923632146811, "num_epochs": 8.333333333333332, "cost": 856.5411860942841}
{"configuration": {"batch_norm": false, "batch_size": 154, "global_avg_pooling": true, "kernel_size": 5, "lr_init": 0.0010795916991677458, "n_conv_0": 147, "n_conv_l": 3, "n_fc_l": 2, "n_conv_1": 156, "n_conv_2": 38, "n_fc_0": 7, "n_fc_1": 8}, "acc": -9.8, "num_params": 5.86090252186084, "num_epochs": 25.0, "cost": 97.02055501937866}
{"configuration": {"batch_norm": true, "batch_size": 5, "global_avg_pooling": true, "kernel_size": 3, "lr_init": 0.0012941461766132665, "n_conv_0": 175, "n_conv_l": 2, "n_fc_l": 3, "n_conv_1": 447, "n_fc_0": 74, "n_fc_1": 14, "n_fc_2": 40}, "acc": -90.24166666666666, "num_params": 5.870800559205601, "num_epochs": 25.0, "cost": 962.184264421463}
{"configuration": {"batch_norm": true, "batch_size": 10, "global_avg_pooling": true, "kernel_size": 5, "lr_init": 0.0010795916991677458, "n_conv_0": 334, "n_conv_l": 3, "n_fc_l": 2, "n_conv_1": 54, "n_conv_2": 38, "n_fc_0": 343, "n_fc_1": 8}, "acc": -91.90833333333333, "num_params": 5.722672579602414, "num_epochs": 25.0, "cost": 552.2054686546326}
{"configuration": {"batch_norm": true, "batch_size": 2, "global_avg_pooling": false, "kernel_size": 7, "lr_init": 0.0004753781830244091, "n_conv_0": 306, "n_conv_l": 2, "n_fc_l": 1, "n_conv_1": 264, "n_fc_0": 3}, "acc": -69.19166666666666, "num_params": 6.603574230486925, "num_epochs": 8.333333333333332, "cost": 1087.9262163639069}
{"configuration": {"batch_norm": true, "batch_size": 2, "global_avg_pooling": true, "kernel_size": 7, "lr_init": 0.0003758233070545594, "n_conv_0": 111, "n_conv_l": 2, "n_fc_l": 2, "n_conv_1": 315, "n_fc_0": 16, "n_fc_1": 5}, "acc": -90.77499999999999, "num_params": 6.2368402046804485, "num_epochs": 8.333333333333332, "cost": 706.8878104686737}
{"configuration": {"batch_norm": true, "batch_size": 5, "global_avg_pooling": true, "kernel_size": 3, "lr_init": 0.0015513405000555738, "n_conv_0": 175, "n_conv_l": 1, "n_fc_l": 3, "n_fc_0": 16, "n_fc_1": 14, "n_fc_2": 49}, "acc": -81.79166666666666, "num_params": 3.80543288813214, "num_epochs": 8.333333333333332, "cost": 240.87555170059204}
{"configuration": {"batch_norm": true, "batch_size": 5, "global_avg_pooling": false, "kernel_size": 3, "lr_init": 0.0017447567968257081, "n_conv_0": 291, "n_conv_l": 1, "n_fc_l": 2, "n_fc_0": 16, "n_fc_1": 14}, "acc": -89.34166666666667, "num_params": 5.962119200960809, "num_epochs": 25.0, "cost": 650.293158531189}
{"configuration": {"batch_norm": true, "batch_size": 7, "global_avg_pooling": true, "kernel_size": 3, "lr_init": 0.0012941461766132665, "n_conv_0": 242, "n_conv_l": 3, "n_fc_l": 3, "n_conv_1": 54, "n_conv_2": 86, "n_fc_0": 343, "n_fc_1": 8, "n_fc_2": 32}, "acc": -91.91666666666667, "num_params": 5.292129753062015, "num_epochs": 25.0, "cost": 839.3576793670654}
{"configuration": {"batch_norm": true, "batch_size": 5, "global_avg_pooling": true, "kernel_size": 3, "lr_init": 0.0014169196790122691, "n_conv_0": 206, "n_conv_l": 2, "n_fc_l": 3, "n_conv_1": 155, "n_fc_0": 16, "n_fc_1": 10, "n_fc_2": 49}, "acc": -89.225, "num_params": 5.46836505635579, "num_epochs": 25.0, "cost": 956.7020473480225}
{"configuration": {"batch_norm": true, "batch_size": 2, "global_avg_pooling": true, "kernel_size": 3, "lr_init": 0.0004753781830244091, "n_conv_0": 306, "n_conv_l": 1, "n_fc_l": 3, "n_fc_0": 37, "n_fc_1": 5, "n_fc_2": 32}, "acc": -79.24166666666666, "num_params": 4.197087495449889, "num_epochs": 8.333333333333332, "cost": 601.3841905593872}
{"configuration": {"batch_norm": true, "batch_size": 1, "global_avg_pooling": true, "kernel_size": 7, "lr_init": 0.00020804140002219417, "n_conv_0": 111, "n_conv_l": 3, "n_fc_l": 2, "n_conv_1": 156, "n_conv_2": 145, "n_fc_0": 7, "n_fc_1": 3}, "acc": -9.783333333333333, "num_params": 6.293279666175665, "num_epochs": 8.333333333333332, "cost": 1755.3081064224243}
{"configuration": {"batch_norm": true, "batch_size": 5, "global_avg_pooling": true, "kernel_size": 3, "lr_init": 0.0009658305908557301, "n_conv_0": 385, "n_conv_l": 1, "n_fc_l": 3, "n_fc_0": 16, "n_fc_1": 8, "n_fc_2": 49}, "acc": -81.35833333333333, "num_params": 4.074560467802895, "num_epochs": 8.333333333333332, "cost": 241.60244822502136}
{"configuration": {"batch_norm": true, "batch_size": 1, "global_avg_pooling": true, "kernel_size": 7, "lr_init": 0.0012941461766132665, "n_conv_0": 242, "n_conv_l": 3, "n_fc_l": 2, "n_conv_1": 54, "n_conv_2": 145, "n_fc_0": 343, "n_fc_1": 3}, "acc": -10.108333333333333, "num_params": 6.036761797876254, "num_epochs": 25.0, "cost": 5440.989185333252}
{"configuration": {"batch_norm": true, "batch_size": 7, "global_avg_pooling": true, "kernel_size": 3, "lr_init": 0.0015513405000555738, "n_conv_0": 242, "n_conv_l": 1, "n_fc_l": 3, "n_fc_0": 16, "n_fc_1": 8, "n_fc_2": 32}, "acc": -85.30833333333334, "num_params": 3.8777168008649765, "num_epochs": 25.0,