,hypervolume,walltime,evaluations
0,0.0,0.0,0.0
1,0.8402777910232544,3772.283165,1.0
2,0.8402777910232544,7677.162952,2.0
3,0.9061622023582458,16043.954438,3.0
4,0.9061622023582458,18163.846792,4.0
5,0.9061622023582458,19533.507518,5.0
6,0.9061622023582458,29416.298371,6.0
7,0.9061622023582458,31296.86622,7.0
8,0.9061622023582458,35300.577528,8.0
9,0.9061622023582458,36822.462037,9.0
10,0.9061622023582458,40843.977368,10.0
11,0.9061622023582458,43037.84238,11.0
