{"configuration": {"batch_norm": false, "batch_size": 3, "global_avg_pooling": true, "kernel_size": 5, "lr_init": 0.00017355674086288745, "n_conv_0": 91, "n_conv_l": 2, "n_fc_l": 2, "n_conv_1": 52, "n_fc_0": 6, "n_fc_1": 99}, "acc": -10.008333333333333, "num_params": 5.088947195586477, "num_epochs": 8.333333333333332, "cost": 375.16701197624207}
{"configuration": {"batch_norm": false, "batch_size": 2, "global_avg_pooling": true, "kernel_size": 5, "lr_init": 0.30880246149317053, "n_conv_0": 577, "n_conv_l": 1, "n_fc_l": 2, "n_fc_0": 54, "n_fc_1": 32}, "acc": -10.2, "num_params": 4.6839830956790225, "num_epochs": 8.333333333333332, "cost": 455.0248544216156}
{"configuration": {"batch_norm": false, "batch_size": 5, "global_avg_pooling": false, "kernel_size": 5, "lr_init": 3.585120923582722e-05, "n_conv_0": 37, "n_conv_l": 1, "n_fc_l": 3, "n_fc_0": 108, "n_fc_1": 108, "n_fc_2": 4}, "acc": -89.53333333333333, "num_params": 5.901209770632339, "num_epochs": 8.333333333333332, "cost": 205.74571895599365}
{"configuration": {"batch_norm": true, "batch_size": 34, "global_avg_pooling": false, "kernel_size": 5, "lr_init": 9.737004551203132e-05, "n_conv_0": 31, "n_conv_l": 3, "n_fc_l": 3, "n_conv_1": 585, "n_conv_2": 128, "n_fc_0": 16, "n_fc_1": 31, "n_fc_2": 32}, "acc": -91.94166666666666, "num_params": 6.370829581772588, "num_epochs": 8.333333333333332, "cost": 71.25192546844482}
{"configuration": {"batch_norm": true, "batch_size": 34, "global_avg_pooling": false, "kernel_size": 5, "lr_init": 9.737004551203132e-05, "n_conv_0": 31, "n_conv_l": 3, "n_fc_l": 3, "n_conv_1": 585, "n_conv_2": 128, "n_fc_0": 16, "n_fc_1": 31, "n_fc_2": 32}, "acc": -91.975, "num_params": 6.370829581772588, "num_epochs": 25.0, "cost": 221.52049279212952}
{"configuration": {"batch_norm": false, "batch_size": 1, "global_avg_pooling": true, "kernel_size": 7, "lr_init": 0.06753661388238874, "n_conv_0": 54, "n_conv_l": 2, "n_fc_l": 2, "n_conv_1": 128, "n_fc_0": 59, "n_fc_1": 138}, "acc": -10.125, "num_params": 5.554848803132108, "num_epochs": 25.0, "cost": 3355.531909942627}
{"configuration": {"batch_norm": true, "batch_size": 17, "global_avg_pooling": true, "kernel_size": 5, "lr_init": 0.004226132506698069, "n_conv_0": 37, "n_conv_l": 2, "n_fc_l": 2, "n_conv_1": 585, "n_fc_0": 16, "n_fc_1": 31}, "acc": -92.025, "num_params": 5.743618716643851, "num_epochs": 25.0, "cost": 259.90805745124817}
{"configuration": {"batch_norm": true, "batch_size": 2, "global_avg_pooling": true, "kernel_size": 5, "lr_init": 0.11563912803570736, "n_conv_0": 204, "n_conv_l": 1, "n_fc_l": 3, "n_fc_0": 54, "n_fc_1": 57, "n_fc_2": 32}, "acc": -9.8, "num_params": 4.344451223686138, "num_epochs": 8.333333333333332, "cost": 587.472430229187}
{"configuration": {"batch_norm": false, "batch_size": 52, "global_avg_pooling": false, "kernel_size": 5, "lr_init": 6.69010737200161e-05, "n_conv_0": 222, "n_conv_l": 1, "n_fc_l": 3, "n_fc_0": 23, "n_fc_1": 108, "n_fc_2": 4}, "acc": -10.316666666666666, "num_params": 6.004170419468618, "num_epochs": 8.333333333333332, "cost": 25.803894996643066}
{"configuration": {"batch_norm": true, "batch_size": 34, "global_avg_pooling": true, "kernel_size": 5, "lr_init": 9.737004551203132e-05, "n_conv_0": 72, "n_conv_l": 3, "n_fc_l": 3, "n_conv_1": 140, "n_conv_2": 128, "n_fc_0": 16, "n_fc_1": 31, "n_fc_2": 91}, "acc": -91.73333333333333, "num_params": 5.850795058142369, "num_epochs": 8.333333333333332, "cost": 57.663822650909424}
{"configuration": {"batch_norm": false, "batch_size": 1, "global_avg_pooling": true, "kernel_size": 7, "lr_init": 0.19057485166801708, "n_conv_0": 54, "n_conv_l": 2, "n_fc_l": 2, "n_conv_1": 128, "n_fc_0": 21, "n_fc_1": 31}, "acc": -9.775, "num_params": 5.538104754286682, "num_epochs": 25.0, "cost": 3357.155143260956}
{"configuration": {"batch_norm": true, "batch_size": 64, "global_avg_pooling": true, "kernel_size": 5, "lr_init": 0.0006293349770892952, "n_conv_0": 31, "n_conv_l": 3, "n_fc_l": 2, "n_conv_1": 585, "n_conv_2": 128, "n_fc_0": 14, "n_fc_1": 31}, "acc": -92.10833333333333, "num_params": 6.3675372430534285, "num_epochs": 25.0, "cost": 147.51402163505554}
{"configuration": {"batch_norm": true, "batch_size": 64, "global_avg_pooling": true, "kernel_size": 5, "lr_init": 0.19057485166801708, "n_conv_0": 31, "n_conv_l": 3, "n_fc_l": 2, "n_conv_1": 459, "n_conv_2": 128, "n_fc_0": 14, "n_fc_1": 31}, "acc": -9.733333333333333, "num_params": 6.262390569069528, "num_epochs": 25.0, "cost": 167.53173804283142}
{"configuration": {"batch_norm": true, "batch_size": 2, "global_avg_pooling": false, "kernel_size": 5, "lr_init": 0.00017840479950042865, "n_conv_0": 204, "n_conv_l": 2, "n_fc_l": 3, "n_conv_1": 536, "n_fc_0": 59, "n_fc_1": 57, "n_fc_2": 7}, "acc": -91.05833333333334, "num_params": 6.632908663064775, "num_epochs": 8.333333333333332, "cost": 750.1121516227722}
{"configuration": {"batch_norm": false, "batch_size": 5, "global_avg_pooling": false, "kernel_size": 5, "lr_init": 0.002740596400846754, "n_conv_0": 31, "n_conv_l": 1, "n_fc_l": 3, "n_fc_0": 108, "n_fc_1": 43, "n_fc_2": 32}, "acc": -75.70833333333333, "num_params": 5.821871690000352, "num_epochs": 8.333333333333332, "cost": 206.06989121437073}
{"configuration": {"batch_norm": true, "batch_size": 34, "global_avg_pooling": true, "kernel_size": 5, "lr_init": 9.737004551203132e-05, "n_conv_0": 72, "n_conv_l": 3, "n_fc_l": 3, "n_conv_1": 392, "n_conv_2": 128, "n_fc_0": 16, "n_fc_1": 31, "n_fc_2": 91}, "acc": -92.28333333333333, "num_params": 6.294466005707485, "num_epochs": 8.333333333333332, "cost": 84.41729307174683}
{"configuration": {"batch_norm": true, "batch_size": 19, "global_avg_pooling": false, "kernel_size": 5, "lr_init": 7.952530902857281e-05, "n_conv_0": 37, "n_conv_l": 2, "n_fc_l": 2, "n_conv_1": 585, "n_fc_0": 16, "n_fc_1": 31}, "acc": -91.53333333333333, "num_params": 6.001482320248671, "num_epochs": 25.0, "cost": 231.38789677619934}
{"configuration": {"batch_norm": false, "batch_size": 1, "global_avg_pooling": true, "kernel_size": 7, "lr_init": 0.19057485166801708, "n_conv_0": 54, "n_conv_l": 2, "n_fc_l": 2, "n_conv_1": 128, "n_fc_0": 21, "n_fc_1": 31}, "acc": -10.025, "num_params": 5.538104754286682, "num_epochs": 25.0, "cost": 3352.7265136241913}
